query,tags,board_group
PayPal alternatives for international payments,,Shortlists
Compare payment processors pricing models,,Shortlists
Compare PayPal vs Square for small businesses,,Shortlists
Best payment solution for nonprofits,,Shortlists
Best payment gateway for SaaS platforms,,Shortlists
Best gateway for high-volume marketplaces,,Shortlists
Tokenize card data server-side,,Build & integrate
Support mobile wallets in checkout,,Build & integrate
Integrate payments API with React app,,Build & integrate
Integrate mobile in-app payments,,Build & integrate
Implement webhooks for payment events,,Build & integrate
Implement server-to-server payment confirmations,,Build & integrate
Migrate customers from another payment gateway,,Build & integrate
Add payment buttons to static websites,,Build & integrate
Add coupon codes to checkout flow,,Build & integrate
Optimize checkout conversion rates,,Build & integrate
Securely store customer payment methods,,Build & integrate
Set up recurring billing for subscriptions,,Subscriptions & marketplaces
Recover failed recurring payment attempts,,Subscriptions & marketplaces
Recommendations for subscription dunning management,,Subscriptions & marketplaces
Verify bank account payouts,,Subscriptions & marketplaces
Onboard marketplace sellers with split payouts,,Subscriptions & marketplaces
Enable instant payouts to sellers,,Subscriptions & marketplaces
Set up multi-currency product pricing,,Global payments
Support ACH bank transfers for US customers,,Global payments
Pros and cons of dynamic currency conversion,,Global payments
Calculate foreign exchange conversion fees,,Global payments
Calculate fees for processing international cards,,Global payments
Accept payments across Europe and Asia,,Global payments
Accept multiple currencies at checkout,,Global payments
Accept cryptocurrency payments on ecommerce sites,,Global payments
Handle taxes and VAT at checkout,,Global payments
Store PCI-compliant logs,,Compliance
Steps to comply with PSD2 SCA,,Compliance
Required audit logs for payment compliance,,Compliance
PCI compliance steps for online stores,,Compliance
Enable strong customer authentication for EU sales,,Compliance
How to handle chargebacks for subscriptions?,,Fraud & disputes
How to dispute a chargeback as merchant?,,Fraud & disputes
Mitigate fraud for high-risk merchants,,Fraud & disputes
Fraud prevention for digital goods,,Fraud & disputes
Dispute timeline and evidence submission steps,,Fraud & disputes
Create fraud detection rules,,Fraud & disputes
Chargeback dispute letter template,,Fraud & disputes
Why is my card payment being declined?,,Operations & troubleshooting
Why are webhooks retrying repeatedly?,,Operations & troubleshooting
Fix failed webhook signature verification,,Operations & troubleshooting
Process refunds for physical product returns,,Operations & troubleshooting
Process partial refunds,,Operations & troubleshooting
Export transaction reports for accounting,,Operations & troubleshooting
