query,tags
is it safe to fly during pregnancy,
what time does the sun set in lisbon in december,
write a birthday poem for my sister,
dentist near me open saturday,
emergency dentist for a broken tooth,
how much does a root canal cost without insurance,
does insurance cover dental implants,
best dentist in lisbon for implants,
which dental clinics in lisbon speak english,
is teeth whitening safe,
what is the difference between a crown and a veneer,
how do I stop my gums bleeding,
invisalign vs braces for adults,
sorriso lisboa reviews,
is clinica dental avenida any good,
how long does a dental implant last,
can I get a same day crown,
what should I do if my filling falls out,
who won the champions league last year,
explain quantum entanglement simply,
